[
  {
    "q": "What is the capital of France?",
    "options": ["Berlin", "Paris", "Rome", "Madrid"],
    "answer": "Paris"
  },
  {
    "q": "Which planet is known as the Red Planet?",
    "options": ["Earth", "Mars", "Jupiter", "Saturn"],
    "answer": "Mars"
  },
  {
    "q": "Which language is primarily spoken in Brazil?",
    "options": ["Spanish", "Portuguese", "English", "French"],
    "answer": "Portuguese"
  },
  {
    "q": "Who painted the Mona Lisa?",
    "options": ["Vincent Van Gogh", "Pablo Picasso", "Leonardo da Vinci", "Michelangelo"],
    "answer": "Leonardo da Vinci"
  },
  {
    "q": "What is the smallest prime number?",
    "options": ["0", "1", "2", "3"],
    "answer": "2"
  }
]
